id,name,email
1,Uma Brown,uma.brown1@example.com
2,Alice Wilson,alice.wilson2@example.com
3,Henry Davis,henry.davis3@example.com
4,Eve Brown,eve.brown4@example.com
5,Victor Williams,victor.williams5@example.com
6,Sam Jackson,sam.jackson6@example.com
7,Bob Smith,bob.smith7@example.com
8,Carol Miller,carol.miller8@example.com
9,Henry Martin,henry.martin9@example.com
10,Tina Smith,tina.smith10@example.com
11,Rachel Miller,rachel.miller11@example.com
12,Wendy Jackson,wendy.jackson12@example.com
13,Henry White,henry.white13@example.com
14,Sam Wilson,sam.wilson14@example.com
15,Zoe Smith,zoe.smith15@example.com
16,Yara Garcia,yara.garcia16@example.com
17,Wendy Jackson,wendy.jackson17@example.com
18,Karen Wilson,karen.wilson18@example.com
19,Eve Miller,eve.miller19@example.com
20,Yara Taylor,yara.taylor20@example.com
21,David Williams,david.williams21@example.com
22,Mia Brown,mia.brown22@example.com
23,Leo Anderson,leo.anderson23@example.com
24,Tina Wilson,tina.wilson24@example.com
25,Zoe Johnson,zoe.johnson25@example.com
26,Xander White,xander.white26@example.com
27,Rachel Brown,rachel.brown27@example.com
28,Diana Thomas,diana.thomas28@example.com
29,Carol Moore,carol.moore29@example.com
30,Aaron Anderson,aaron.anderson30@example.com
31,Sam Miller,sam.miller31@example.com
32,Wendy Williams,wendy.williams32@example.com
33,Bob Davis,bob.davis33@example.com
34,Yara Moore,yara.moore34@example.com
35,Carol Davis,carol.davis35@example.com
36,Beth Brown,beth.brown36@example.com
37,Mia Wilson,mia.wilson37@example.com
38,Olivia Anderson,olivia.anderson38@example.com
39,Frank Anderson,frank.anderson39@example.com
40,Leo Miller,leo.miller40@example.com
41,Victor Wilson,victor.wilson41@example.com
42,Wendy Williams,wendy.williams42@example.com
43,Tina Garcia,tina.garcia43@example.com
44,Rachel Davis,rachel.davis44@example.com
45,Frank White,frank.white45@example.com
46,Mia Wilson,mia.wilson46@example.com
47,Diana Davis,diana.davis47@example.com
48,Victor Taylor,victor.taylor48@example.com
49,Aaron Johnson,aaron.johnson49@example.com
50,Henry Johnson,henry.johnson50@example.com
51,Zoe Taylor,zoe.taylor51@example.com
52,Mia Wilson,mia.wilson52@example.com
53,Carol Miller,carol.miller53@example.com
54,Diana Taylor,diana.taylor54@example.com
55,Grace Harris,grace.harris55@example.com
56,Mia White,mia.white56@example.com
57,Eve Wilson,eve.wilson57@example.com
58,Eve Davis,eve.davis58@example.com
59,Xander Wilson,xander.wilson59@example.com
60,Xander Jackson,xander.jackson60@example.com
61,Chris Thomas,chris.thomas61@example.com
62,Leo Davis,leo.davis62@example.com
63,Eve Martin,eve.martin63@example.com
64,Paul Williams,paul.williams64@example.com
65,Yara Johnson,yara.johnson65@example.com
66,Beth Brown,beth.brown66@example.com
67,Eve Garcia,eve.garcia67@example.com
68,Zoe Jackson,zoe.jackson68@example.com
69,Tina Williams,tina.williams69@example.com
70,Mia Thomas,mia.thomas70@example.com
71,Tina White,tina.white71@example.com
72,Quinn Wilson,quinn.wilson72@example.com
73,Rachel Smith,rachel.smith73@example.com
74,Victor Brown,victor.brown74@example.com
75,Victor Wilson,victor.wilson75@example.com
76,Yara Taylor,yara.taylor76@example.com
77,David Moore,david.moore77@example.com
78,Noah Garcia,noah.garcia78@example.com
79,Olivia Smith,olivia.smith79@example.com
80,Xander Wilson,xander.wilson80@example.com
81,Quinn Garcia,quinn.garcia81@example.com
82,Quinn Brown,quinn.brown82@example.com
83,Beth Moore,beth.moore83@example.com
84,Aaron Martin,aaron.martin84@example.com
85,Tina Miller,tina.miller85@example.com
86,Eve Anderson,eve.anderson86@example.com
87,Yara Garcia,yara.garcia87@example.com
88,Rachel Martin,rachel.martin88@example.com
89,Diana Smith,diana.smith89@example.com
90,Tina Taylor,tina.taylor90@example.com
91,Paul Smith,paul.smith91@example.com
92,David Anderson,david.anderson92@example.com
93,Chris Moore,chris.moore93@example.com
94,Henry Johnson,henry.johnson94@example.com
95,Henry Williams,henry.williams95@example.com
96,Carol Harris,carol.harris96@example.com
97,Aaron Williams,aaron.williams97@example.com
98,Yara Jones,yara.jones98@example.com
99,Eve Harris,eve.harris99@example.com
100,Rachel Garcia,rachel.garcia100@example.com
101,Isla Martin,isla.martin101@example.com
102,Beth Jackson,beth.jackson102@example.com
103,Grace Miller,grace.miller103@example.com
104,Wendy Moore,wendy.moore104@example.com
105,Mia Anderson,mia.anderson105@example.com
106,Olivia Martin,olivia.martin106@example.com
107,Olivia Brown,olivia.brown107@example.com
108,Henry Davis,henry.davis108@example.com
109,Carol Taylor,carol.taylor109@example.com
110,Alice Davis,alice.davis110@example.com
111,Sam Davis,sam.davis111@example.com
112,Alice Williams,alice.williams112@example.com
113,Wendy Johnson,wendy.johnson113@example.com
114,Henry Williams,henry.williams114@example.com
115,Chris Johnson,chris.johnson115@example.com
116,Beth Taylor,beth.taylor116@example.com
117,Carol Martin,carol.martin117@example.com
118,Henry Wilson,henry.wilson118@example.com
119,Victor Harris,victor.harris119@example.com
120,Grace Jones,grace.jones120@example.com
121,Xander Harris,xander.harris121@example.com
122,Henry Harris,henry.harris122@example.com
123,Zoe Jackson,zoe.jackson123@example.com
124,Grace Brown,grace.brown124@example.com
125,David Jackson,david.jackson125@example.com
126,Leo Jackson,leo.jackson126@example.com
127,Noah White,noah.white127@example.com
128,Beth Johnson,beth.johnson128@example.com
129,Victor Brown,victor.brown129@example.com
130,Bob Thomas,bob.thomas130@example.com
131,Xander Taylor,xander.taylor131@example.com
132,Zoe Brown,zoe.brown132@example.com
133,Henry Miller,henry.miller133@example.com
134,Grace White,grace.white134@example.com
135,Eve Jackson,eve.jackson135@example.com
136,Frank Wilson,frank.wilson136@example.com
137,Olivia Davis,olivia.davis137@example.com
138,Beth Williams,beth.williams138@example.com
139,Olivia Brown,olivia.brown139@example.com
140,Bob Smith,bob.smith140@example.com
141,Carol Davis,carol.davis141@example.com
142,Frank Jackson,frank.jackson142@example.com
143,Paul Harris,paul.harris143@example.com
144,Grace Thomas,grace.thomas144@example.com
145,Chris Johnson,chris.johnson145@example.com
146,Frank Thomas,frank.thomas146@example.com
147,Alice Thomas,alice.thomas147@example.com
148,Isla White,isla.white148@example.com
149,Jack Jackson,jack.jackson149@example.com
150,Wendy Harris,wendy.harris150@example.com
151,Eve Miller,eve.miller151@example.com
152,Jack Miller,jack.miller152@example.com
153,Bob Johnson,bob.johnson153@example.com
154,Xander Taylor,xander.taylor154@example.com
155,Bob Johnson,bob.johnson155@example.com
156,Sam Harris,sam.harris156@example.com
157,Quinn Martin,quinn.martin157@example.com
158,Frank Johnson,frank.johnson158@example.com
159,Quinn Williams,quinn.williams159@example.com
160,Beth Garcia,beth.garcia160@example.com
161,Carol Williams,carol.williams161@example.com
162,Victor Davis,victor.davis162@example.com
163,Mia Brown,mia.brown163@example.com
164,Chris Davis,chris.davis164@example.com
165,Sam Johnson,sam.johnson165@example.com
166,Tina Williams,tina.williams166@example.com
167,Noah Martin,noah.martin167@example.com
168,Karen Wilson,karen.wilson168@example.com
169,Grace Taylor,grace.taylor169@example.com
170,Henry Wilson,henry.wilson170@example.com
171,Mia Jones,mia.jones171@example.com
172,Victor Moore,victor.moore172@example.com
173,Olivia Taylor,olivia.taylor173@example.com
174,Diana Williams,diana.williams174@example.com
175,Alice White,alice.white175@example.com
176,Tina Brown,tina.brown176@example.com
177,Carol Miller,carol.miller177@example.com
178,Quinn Wilson,quinn.wilson178@example.com
179,Eve Anderson,eve.anderson179@example.com
180,Chris Williams,chris.williams180@example.com
181,Chris Davis,chris.davis181@example.com
182,Leo Moore,leo.moore182@example.com
183,Frank White,frank.white183@example.com
184,Aaron Moore,aaron.moore184@example.com
185,Tina Martin,tina.martin185@example.com
186,Alice Moore,alice.moore186@example.com
187,Diana Brown,diana.brown187@example.com
188,Chris Jones,chris.jones188@example.com
189,Isla Brown,isla.brown189@example.com
190,Chris Brown,chris.brown190@example.com
191,Xander Jones,xander.jones191@example.com
192,Isla Moore,isla.moore192@example.com
193,Tina Miller,tina.miller193@example.com
194,Wendy Taylor,wendy.taylor194@example.com
195,Grace Wilson,grace.wilson195@example.com
196,Quinn Harris,quinn.harris196@example.com
197,Isla Johnson,isla.johnson197@example.com
198,Carol Jackson,carol.jackson198@example.com
199,Aaron Wilson,aaron.wilson199@example.com
200,Bob Smith,bob.smith200@example.com
